{
	"code": 0,
	"msg": "...",
	"count": 3,
	"data": [{
		"userId": "1",
		"username": "admin",
		"password": "$2a$10$1K7E1.IYCrsoZVCb6utOo.5jENtfOzhdKWhc49t2lk.UQd7Oam4FG",
		"salt": null,
		"status": null,
		"realName": "超级管理员",
		"email": "8540854@qq.com",
		"avatar": null,
		"sex": "1",
		"phone": "15543526531",
		"enable": "1",
		"login": "1",
		"roleIds": null
	}, {
		"userId": "2",
		"username": "854085467",
		"password": null,
		"salt": null,
		"status": null,
		"realName": "就眠仪式",
		"email": null,
		"avatar": null,
		"sex": "1",
		"phone": "1555324324234",
		"enable": "1",
		"login": "1",
		"roleIds": null
	}, {
		"userId": "3",
		"username": "970796069",
		"password": null,
		"salt": null,
		"status": null,
		"realName": "王二麻子",
		"email": null,
		"avatar": null,
		"sex": "1",
		"phone": "1555324324234",
		"enable": "1",
		"login": "1",
		"roleIds": null
	},{
		"userId": "4",
		"username": "admin",
		"password": "$2a$10$1K7E1.IYCrsoZVCb6utOo.5jENtfOzhdKWhc49t2lk.UQd7Oam4FG",
		"salt": null,
		"status": null,
		"realName": "超级管理员",
		"email": "8540854@qq.com",
		"avatar": null,
		"sex": "1",
		"phone": "15543526531",
		"enable": "1",
		"login": "1",
		"roleIds": null
	}, {
		"userId": "5",
		"username": "854085467",
		"password": null,
		"salt": null,
		"status": null,
		"realName": "就眠仪式",
		"email": null,
		"avatar": null,
		"sex": "1",
		"phone": "1555324324234",
		"enable": "1",
		"login": "1",
		"roleIds": null
	}, {
		"userId": "6",
		"username": "970796069",
		"password": null,
		"salt": null,
		"status": null,
		"realName": "王二麻子",
		"email": null,
		"avatar": null,
		"sex": "1",
		"phone": "1555324324234",
		"enable": "1",
		"login": "1",
		"roleIds": null
	},{
		"userId": "7",
		"username": "admin",
		"password": "$2a$10$1K7E1.IYCrsoZVCb6utOo.5jENtfOzhdKWhc49t2lk.UQd7Oam4FG",
		"salt": null,
		"status": null,
		"realName": "超级管理员",
		"email": "8540854@qq.com",
		"avatar": null,
		"sex": "1",
		"phone": "15543526531",
		"enable": "1",
		"login": "1",
		"roleIds": null
	}, {
		"userId": "8",
		"username": "854085467",
		"password": null,
		"salt": null,
		"status": null,
		"realName": "就眠仪式",
		"email": null,
		"avatar": null,
		"sex": "1",
		"phone": "1555324324234",
		"enable": "1",
		"login": "1",
		"roleIds": null
	}, {
		"userId": "9",
		"username": "970796069",
		"password": null,
		"salt": null,
		"status": null,
		"realName": "王二麻子",
		"email": null,
		"avatar": null,
		"sex": "1",
		"phone": "1555324324234",
		"enable": "1",
		"login": "1",
		"roleIds": null
	}]
}
