<?xml version="1.0" encoding="UTF-8" ?>
<!DOCTYPE mapper PUBLIC "-//mybatis.org//DTD Mapper 3.0//EN" "http://mybatis.org/dtd/mybatis-3-mapper.dtd" >
<mapper namespace="com.ssmm.dao.BookMapper" >
  <resultMap id="BaseResultMap" type="com.ssmm.model.Book" >
    <id column="id" property="id" jdbcType="INTEGER" />
    <result column="name" property="name" jdbcType="VARCHAR" />
    <result column="price" property="price" jdbcType="DECIMAL" />
  </resultMap>
  <sql id="Base_Column_List" >
    id, name, price
  </sql>
  <select id="selectByPrimaryKey" resultMap="BaseResultMap" parameterType="java.lang.Integer" >
    select 
    <include refid="Base_Column_List" />
    from book
    where id = #{id,jdbcType=INTEGER}
  </select>
  <delete id="deleteByPrimaryKey" parameterType="java.lang.Integer" >
    delete from book
    where id = #{id,jdbcType=INTEGER}
  </delete>
  <insert id="insert" parameterType="com.ssmm.model.Book" >
    insert into book (id, name, price
      )
    values (#{id,jdbcType=INTEGER}, #{name,jdbcType=VARCHAR}, #{price,jdbcType=DECIMAL}
      )
  </insert>
  <insert id="insertSelective" parameterType="com.ssmm.model.Book" >
    insert into book
    <trim prefix="(" suffix=")" suffixOverrides="," >
      <if test="id != null" >
        id,
      </if>
      <if test="name != null" >
        name,
      </if>
      <if test="price != null" >
        price,
      </if>
    </trim>
    <trim prefix="values (" suffix=")" suffixOverrides="," >
      <if test="id != null" >
        #{id,jdbcType=INTEGER},
      </if>
      <if test="name != null" >
        #{name,jdbcType=VARCHAR},
      </if>
      <if test="price != null" >
        #{price,jdbcType=DECIMAL},
      </if>
    </trim>
  </insert>
  <update id="updateByPrimaryKeySelective" parameterType="com.ssmm.model.Book" >
    update book
    <set >
      <if test="name != null" >
        name = #{name,jdbcType=VARCHAR},
      </if>
      <if test="price != null" >
        price = #{price,jdbcType=DECIMAL},
      </if>
    </set>
    where id = #{id,jdbcType=INTEGER}
  </update>
  <update id="updateByPrimaryKey" parameterType="com.ssmm.model.Book" >
    update book
    set name = #{name,jdbcType=VARCHAR},
      price = #{price,jdbcType=DECIMAL}
    where id = #{id,jdbcType=INTEGER}
  </update>
</mapper>