{
"status":{"code":200,"message":"操作成功"},
"data": [
  {"id":"001","title": "湖南省","checkArr": "0","parentId": "0"},
  {"id":"002","title": "湖北省","checkArr": "0","parentId": "0"},
  {"id":"003","title": "广东省","checkArr": "0","parentId": "0"},
  {"id":"004","title": "浙江省","checkArr": "0","parentId": "0"},
  {"id":"005","title": "福建省","checkArr": "0","parentId": "0"},
  {"id":"001001","title": "长沙市","checkArr": "0","parentId": "001"},
  {"id":"001002","title": "株洲市","checkArr": "0","parentId": "001"},
  {"id":"001003","title": "湘潭市","checkArr": "0","parentId": "001"},
  {"id":"001004","title": "衡阳市","checkArr": "0","parentId": "001"},
  {"id":"001005","title": "郴州市","checkArr": "0","iconClass": "layui-icon layui-icon-home","parentId": "001"}
]
}