{
	"pages": [ //pages数组中第一项表示应用启动页，参考：https://uniapp.dcloud.io/collocation/pages
		{
			"path": "pages/login/login",
			"style": {
				"app-plus": {
					"titleNView": false //禁用原生导航
				}
			}
		},
		// 消息page
		{
			"path": "pages/tabbar-1/index",
			"style": {
				"navigationBarTitleText": "消息"
			}
		},
		// 多人群聊
		{
			"path": "pages/tabbar-1/morepeople",
			"style": {
				"navigationBarTitleText": "多人群聊"
			}
		}
	],
	"globalStyle": {
		"navigationBarTextStyle": "white",
		"navigationBarTitleText": "Soket聊天室",
		"navigationBarBackgroundColor": "#25B0F3",
		"backgroundColor": "#25B0F3"
	}
}
