[
  {
	"id":0,
    "title": "工作空间",
	"type":0,
    "icon": "layui-icon layui-icon-home",
    "spread": true,
    "href": "",
	"children": [
	  {
		"id":1,
	    "title": "工作台",
	    "icon": "layui-icon layui-icon-console",
		"type":1,
	    "href": "views/system/console.html",
	    "spread": true
	  },
	  {
		"id":2,
	    "title": "控制台",
	    "icon": "layui-icon layui-icon-app",
		"type":1,
	    "href": "views/system/welcome.html",
	    "spread": true
	  }
	]
  },
  {
	"id":1,
    "title": "基础元素",
    "icon": "layui-icon layui-icon-template-1",
    "spread": true,
	"type":0,
    "href": "http://www.baidu.com",
    "children": [
      {
		  "id":1221,
        "title": "按钮",
        "icon": "layui-icon layui-icon-flag",
		"type":1,
        "href": "views/plugin/button.html",
        "spread": true
      },
	  {
	     "id":12321351,
	    "title": "图标",
	    "icon": "layui-icon layui-icon-component",
	  	"type":1,
	    "href": "views/plugin/iconpage.html",
	    "spread": true
	  },
	  {
	     "id":1232134352351,
	    "title": "表单元素",
	    "icon": "layui-icon layui-icon-form",
	  	"type":1,
	    "href": "views/plugin/form.html",
	    "spread": true
	  },
	  {
	     "id":123213434352351,
	    "title": "进度条",
	    "icon": "layui-icon layui-icon-form",
	  	"type":1,
	    "href": "views/plugin/loading.html",
	    "spread": true
	  },
	  {
	     "id":12874352351,
	    "title": "面板",
	    "icon": "layui-icon layui-icon-template",
	  	"type":1,
	    "href": "views/plugin/collapse.html",
	    "spread": true
	  },
	  {
		 "id":1231,
	    "title": "导航栏",
	    "icon": "layui-icon layui-icon-template",
	  	"type":1,
	    "href": "views/plugin/navigation.html",
	    "spread": true
	  },
	  {
	    "id":1233241,
	    "title": "弹出层",
	    "icon": "layui-icon layui-icon-template",
	  	"type":1,
	    "href": "views/plugin/layer.html",
	    "spread": true
	  },
	  {
	    "id":121,
	    "title": "选项卡",
	    "icon": "layui-icon layui-icon-tabs",
	  	"type":1,
	    "href": "views/plugin/tab.html",
	    "spread": true
	  },
	  {
	    "id":1232331,
	    "title": "卡片",
	    "icon": "layui-icon layui-icon-layer",
	  	"type":1,
	    "href": "views/plugin/card.html",
	    "spread": true
	  }
    ]
  },
  {
	  "id":2,
    "title": "扩展组件",
    "icon": "layui-icon layui-icon-component",
    "spread": true,
	"type":0,
    "href": "http://www.baidu.com",
	"children": [
	  {
		"id":122112,
	    "title": "消息通知",
	    "icon": "layui-icon layui-icon-speaker",
		"type":1,
	    "href": "views/plugin/notice.html",
	    "spread": true
	  },
	  {
	  		"id":12332112,
	    "title": "多选下拉",
	    "icon": "layui-icon layui-icon-left",
	  		"type":1,
	    "href": "views/plugin/formSelects.html",
	    "spread": true
	  },
	  {
		 "id":1212221,
	    "title": "文本编辑",
	    "icon": "layui-icon layui-icon-edit",
	  	"type":1,
	    "href": "views/plugin/tinymce.html",
	    "spread": true
	  },
	  {
	    "id":12123467,
	    "title": "图标选择",
	    "icon": "layui-icon layui-icon-prev-circle",
	  	"type":1,
	    "href": "views/plugin/iconPicker.html",
	    "spread": true
	  },
	  {
	  		 "id":121541,
	    "title": "数据表格",
	    "icon": "layui-icon layui-icon-table",
	  	"type":1,
	    "href": "views/plugin/table.html",
	    "spread": true
	  },
	  {
	    "id":183467,
	    "title": "下拉表格",
	    "icon": "layui-icon layui-icon-form",
	  	"type":1,
	    "href": "views/plugin/tableSelect.html",
	    "spread": true
	  },
	  {
	    "id":156467,
	    "title": "树形表格",
	    "icon": "layui-icon layui-icon-table",
	  	"type":1,
	    "href": "views/plugin/treetable.html",
	    "spread": true
	  },
	  {
	    "id":15653467,
	    "title": "树结构",
	    "icon": "layui-icon layui-icon-table",
	  	"type":1,
	    "href": "views/plugin/dtree.html",
	    "spread": true
	  },
	  {
	    "id":182347,
	    "title": "动态标签",
	    "icon": "layui-icon layui-icon-chart-screen",
	  	"type":1,
	    "href": "views/plugin/tag.html",
	    "spread": true
	  }
	]
 
  },
  {
	  "id":3,
    "title": "常用页面",
    "icon": "layui-icon layui-icon-layouts",
    "spread": true,
	"type":0,
    "href": "http://www.baidu.com",
  	"children": [
  	  {
  		"id":1221215,
  	    "title": "登陆页面",
  	    "icon": "layui-icon layui-icon-face-smile",
  		"type":1,
  	    "href": "views/system/login.html",
  	    "spread": true
  	  },
	  {
		"id":1221234215,
	    "title": "个人资料",
	    "icon": "layui-icon layui-icon-username",
		"type":1,
	    "href": "views/system/personal.html",
	    "spread": true
	  },
	  {
	    "id":1243523,
	    "title": "错误页面",
	    "icon": "layui-icon layui-icon-face-cry",
		"type":0,
	    "href": "",
	    "spread": true,
		"children": [
		  {
			"id":403,
		    "title": "403",
		    "icon": "layui-icon layui-icon-face-smile",
			"type":1,
		    "href": "views/error/403.html",
		    "spread": true
		  },
		  {
		    "id":404,
		    "title": "404",
		    "icon": "layui-icon layui-icon-face-cry",
		    		"type":1,
		    "href": "views/error/404.html",
		    "spread": true
		  },
		  
		  {
		    "id":500,
		    "title": "500",
		    "icon": "layui-icon layui-icon-face-cry",
		    		"type":1,
		    "href": "views/error/500.html",
		    "spread": true
		  }
		 
		]
	  }
	 
  	]
   
  },
  {
	  "id":4,
    "title": "系统管理",
    "icon": "layui-icon layui-icon-set-sm",
    "spread": true,
	"type":0,
    "href": "http://www.baidu.com",
  	"children": [
  	  {
  		"id":12212437515,
  	    "title": "用户管理",
  	    "icon": "layui-icon layui-icon-username",
  		"type":1,
  	    "href": "views/system/user.html",
  	    "spread": true
  	  }
	 
  	]
   
  }
]