{
	"createBy": null,
	"createTime": null,
	"updateBy": null,
	"updateTime": null,
	"remark": null,
	"code": 0,
	"msg": "",
	"count": 12,
	"data": [{
		"createBy": null,
		"createTime": null,
		"updateBy": null,
		"updateTime": null,
		"remark": null,
		"userId": "1206583762554183681",
		"userName": "admin",
		"realName": "就眠仪式",
		"password": "21232f297a57a5a743894a0e4a801fc3",
		"email": "854085467@qq.com",
		"phone": "15553726531",
		"status": null,
		"salt": null,
		"avatar": null,
		"isLogin": "0",
		"sex": "0",
		"processSync": null,
		"birthday": null
	}, {
		"createBy": null,
		"createTime": null,
		"updateBy": null,
		"updateTime": null,
		"remark": null,
		"userId": "1206584391221583874",
		"userName": "854085467",
		"realName": "次等水货",
		"password": "a7f397c5204c1608fb34fef38df01ec8",
		"email": "854085467@qq.com",
		"phone": "2333333324",
		"status": null,
		"salt": null,
		"avatar": null,
		"isLogin": "0",
		"sex": "0",
		"processSync": null,
		"birthday": null
	}, {
		"createBy": null,
		"createTime": null,
		"updateBy": null,
		"updateTime": null,
		"remark": null,
		"userId": "1206585069042089986",
		"userName": "34245476543",
		"realName": "西山人质",
		"password": "a7f397c5204c1608fb34fef38df01ec8",
		"email": "854085467@qq.com",
		"phone": "15553726531",
		"status": null,
		"salt": null,
		"avatar": null,
		"isLogin": "0",
		"sex": "0",
		"processSync": null,
		"birthday": null
	}, {
		"createBy": null,
		"createTime": null,
		"updateBy": null,
		"updateTime": null,
		"remark": null,
		"userId": "1206588701611364354",
		"userName": "854085467",
		"realName": "思想聚焦",
		"password": "a7f397c5204c1608fb34fef38df01ec8",
		"email": "854085467@qq.com",
		"phone": "15553726531",
		"status": null,
		"salt": null,
		"avatar": null,
		"isLogin": "0",
		"sex": "0",
		"processSync": null,
		"birthday": null
	}, {
		"createBy": null,
		"createTime": null,
		"updateBy": null,
		"updateTime": null,
		"remark": null,
		"userId": "1207858858438668290",
		"userName": "orange",
		"realName": "橙子",
		"password": "4c7a4e962e64efebf6f5d5e3c4a77e67",
		"email": "1234567@qq.com",
		"phone": "12121212121",
		"status": null,
		"salt": null,
		"avatar": null,
		"isLogin": "0",
		"sex": "1",
		"processSync": null,
		"birthday": null
	}, {
		"createBy": null,
		"createTime": null,
		"updateBy": null,
		"updateTime": null,
		"remark": null,
		"userId": "1207925916597645313",
		"userName": "manager",
		"realName": "超级无敌巨...",
		"password": "21232f297a57a5a743894a0e4a801fc3",
		"email": "854085467@qq.com",
		"phone": "134334234",
		"status": null,
		"salt": null,
		"avatar": null,
		"isLogin": "0",
		"sex": "0",
		"processSync": null,
		"birthday": null
	}]
}
