<?xml version="1.0" encoding="UTF-8"?>
<beans xmlns="http://www.springframework.org/schema/beans"
       xmlns:xsi="http://www.w3.org/2001/XMLSchema-instance"
       xmlns:tx="http://www.springframework.org/schema/tx"
       xmlns:util="http://www.springframework.org/schema/util"
       xsi:schemaLocation="http://www.springframework.org/schema/beans http://www.springframework.org/schema/beans/spring-beans.xsd
       http://www.springframework.org/schema/tx http://www.springframework.org/schema/tx/spring-tx.xsd
         http://www.springframework.org/schema/util http://www.springframework.org/schema/util/spring-util.xsd">

    <util:properties id="jdbc" location="classpath:jdbc.properties"/>

    <bean id="orderDataSource" class="com.mchange.v2.c3p0.ComboPooledDataSource"
          destroy-method="close" lazy-init="false">
        <property name="driverClass" value="#{jdbc['jdbc.driverClassName']}"/>
        <property name="jdbcUrl" value="#{jdbc['jdbc.url']}"/>
        <property name="user" value="#{jdbc['jdbc.username']}"/>
        <property name="password" value="#{jdbc['jdbc.password']}"/>
        <property name="initialPoolSize" value="#{jdbc['c3p0.initialPoolSize']}"/>
        <property name="minPoolSize" value="#{jdbc['c3p0.minPoolSize']}"/>
        <property name="maxPoolSize" value="#{jdbc['c3p0.maxPoolSize']}"/>
        <property name="acquireIncrement" value="#{jdbc['c3p0.acquireIncrement']}"/>
        <property name="maxIdleTime" value="#{jdbc['c3p0.maxIdleTime']}"/>
        <property name="checkoutTimeout" value="#{jdbc['c3p0.checkoutTimeout']}"/>
    </bean>

    <bean id="transactionManager"
          class="org.springframework.jdbc.datasource.DataSourceTransactionManager">
        <property name="dataSource" ref="orderDataSource"/>
    </bean>

    <tx:annotation-driven transaction-manager="transactionManager"/>

</beans>