<?xml version="1.0" encoding="UTF-8"?>
<beans xmlns="http://www.springframework.org/schema/beans"
       xmlns:xsi="http://www.w3.org/2001/XMLSchema-instance" xmlns:util="http://www.springframework.org/schema/util"
       xmlns:context="http://www.springframework.org/schema/context"
       xsi:schemaLocation="http://www.springframework.org/schema/beans http://www.springframework.org/schema/beans/spring-beans.xsd http://www.springframework.org/schema/util http://www.springframework.org/schema/util/spring-util.xsd http://www.springframework.org/schema/context http://www.springframework.org/schema/context/spring-context.xsd">

    <context:component-scan base-package="org.mengyun.tcctransaction.sample"/>

    <bean id="sqlSessionFactory" class="org.mybatis.spring.SqlSessionFactoryBean">
        <property name="dataSource" ref="orderDataSource"/>
        <property name="mapperLocations" value="classpath*:config/sqlmap/main/sample-*.xml"/>
    </bean>

    <bean id="orderDao" class="org.mybatis.spring.mapper.MapperFactoryBean">
        <property name="mapperInterface"
                  value="org.mengyun.tcctransaction.sample.order.infrastructure.dao.OrderDao"></property>
        <property name="sqlSessionFactory" ref="sqlSessionFactory"></property>
    </bean>

    <bean id="orderLineDao" class="org.mybatis.spring.mapper.MapperFactoryBean">
        <property name="mapperInterface"
                  value="org.mengyun.tcctransaction.sample.order.infrastructure.dao.OrderLineDao"></property>
        <property name="sqlSessionFactory" ref="sqlSessionFactory"></property>
    </bean>

    <bean id="shopDao" class="org.mybatis.spring.mapper.MapperFactoryBean">
        <property name="mapperInterface"
                  value="org.mengyun.tcctransaction.sample.order.infrastructure.dao.ShopDao"></property>
        <property name="sqlSessionFactory" ref="sqlSessionFactory"></property>
    </bean>

    <bean id="productDao" class="org.mybatis.spring.mapper.MapperFactoryBean">
        <property name="mapperInterface"
                  value="org.mengyun.tcctransaction.sample.order.infrastructure.dao.ProductDao"/>
        <property name="sqlSessionFactory" ref="sqlSessionFactory"/>
    </bean>

</beans>