<?xml version="1.0" encoding="UTF-8"?>    
<beans xmlns="http://www.springframework.org/schema/beans"    
    xmlns:xsi="http://www.w3.org/2001/XMLSchema-instance"   
    xmlns:p="http://www.springframework.org/schema/p"  
    xmlns:aop="http://www.springframework.org/schema/aop"   
    xmlns:context="http://www.springframework.org/schema/context"  
    xmlns:jee="http://www.springframework.org/schema/jee"  
    xmlns:tx="http://www.springframework.org/schema/tx"  
    xmlns:jaxws="http://cxf.apache.org/jaxws"
    xsi:schemaLocation="    
        http://www.springframework.org/schema/aop http://www.springframework.org/schema/aop/spring-aop-4.0.xsd  
        http://www.springframework.org/schema/beans http://www.springframework.org/schema/beans/spring-beans-4.0.xsd  
        http://www.springframework.org/schema/context http://www.springframework.org/schema/context/spring-context-4.0.xsd  
        http://www.springframework.org/schema/jee http://www.springframework.org/schema/jee/spring-jee-4.0.xsd  
        http://www.springframework.org/schema/tx http://www.springframework.org/schema/tx/spring-tx-4.0.xsd
        http://cxf.apache.org/jaxws http://cxf.apache.org/schemas/jaxws.xsd">    
        
	<import resource="classpath:META-INF/cxf/cxf.xml"/>
    <import resource="classpath:META-INF/cxf/cxf-servlet.xml"/>
    
    <!-- 自动扫描 -->
	<context:component-scan base-package="com.java1234.webservice" />
	
	<!-- 定义服务提供者  -->
	<jaxws:endpoint
	    implementor="#helloWorld"
	    address="/HelloWorld">
	 	<!-- 添加in拦截器 -->
	    <jaxws:inInterceptors>
	         <bean class="org.apache.cxf.interceptor.LoggingInInterceptor"/>
	         <bean class="com.java1234.interceptor.MyInterceptor"/>
	    </jaxws:inInterceptors>
	    <!-- 添加out拦截器 -->
	    <jaxws:outInterceptors>
	         <bean class="org.apache.cxf.interceptor.LoggingInInterceptor"/>
	    </jaxws:outInterceptors>
	 </jaxws:endpoint>
</beans>