<?xml version="1.0" encoding="UTF-8"?>
<beans xmlns="http://www.springframework.org/schema/beans"
       xmlns:xsi="http://www.w3.org/2001/XMLSchema-instance"
       xsi:schemaLocation="http://www.springframework.org/schema/beans http://www.springframework.org/schema/beans/spring-beans.xsd">

    <bean id="httpInvokerRequestExecutor"
          class="org.springframework.remoting.httpinvoker.HttpComponentsHttpInvokerRequestExecutor">
        <property name="connectTimeout" value="2000"/>
        <property name="readTimeout" value="2000"/>
    </bean>

    <bean id="captialTradeOrderService" class="org.springframework.remoting.httpinvoker.HttpInvokerProxyFactoryBean">
        <property name="serviceUrl" value="http://localhost:8090/remoting/CapitalTradeOrderService"/>
        <property name="serviceInterface"
                  value="org.mengyun.tcctransaction.sample.http.capital.api.CapitalTradeOrderService"/>
        <property name="httpInvokerRequestExecutor" ref="httpInvokerRequestExecutor"/>
    </bean>

    <bean id="capitalAccountService" class="org.springframework.remoting.httpinvoker.HttpInvokerProxyFactoryBean">
        <property name="serviceUrl" value="http://localhost:8090/remoting/CapitalAccountService"/>
        <property name="serviceInterface"
                  value="org.mengyun.tcctransaction.sample.http.capital.api.CapitalAccountService"/>
        <property name="httpInvokerRequestExecutor" ref="httpInvokerRequestExecutor"/>
    </bean>

    <bean id="redPacketAccountService" class="org.springframework.remoting.httpinvoker.HttpInvokerProxyFactoryBean">
        <property name="serviceUrl" value="http://localhost:8091/remoting/RedPacketAccountService"/>
        <property name="serviceInterface"
                  value="org.mengyun.tcctransaction.sample.http.redpacket.api.RedPacketAccountService"/>
        <property name="httpInvokerRequestExecutor" ref="httpInvokerRequestExecutor"/>
    </bean>

    <bean id="redPacketTradeOrderService" class="org.springframework.remoting.httpinvoker.HttpInvokerProxyFactoryBean">
        <property name="serviceUrl" value="http://localhost:8091/remoting/RedPacketTradeOrderService"/>
        <property name="serviceInterface"
                  value="org.mengyun.tcctransaction.sample.http.redpacket.api.RedPacketTradeOrderService"/>
        <property name="httpInvokerRequestExecutor" ref="httpInvokerRequestExecutor"/>
    </bean>

</beans>