<project xmlns="http://maven.apache.org/POM/4.0.0" xmlns:xsi="http://www.w3.org/2001/XMLSchema-instance"
  xsi:schemaLocation="http://maven.apache.org/POM/4.0.0 http://maven.apache.org/maven-v4_0_0.xsd">
  <modelVersion>4.0.0</modelVersion>
  <groupId>com.jun</groupId>
  <artifactId>jun_ssh2</artifactId>
  <packaging>war</packaging>
  <version>0.0.1-SNAPSHOT</version>
  <name>jun_ssh2 Maven Webapp</name>
  <url>http://maven.apache.org</url>
<!--   <dependencies>
    <dependency>
      <groupId>junit</groupId>
      <artifactId>junit</artifactId>
      <version>3.8.1</version>
      <scope>test</scope>
    </dependency>
  </dependencies> -->
  
  
  <properties>
    <project.build.sourceEncoding>UTF-8</project.build.sourceEncoding>
  </properties>

  <dependencies>
    <dependency>
      <groupId>junit</groupId>
      <artifactId>junit</artifactId>
      <version>4.10</version>
      <scope>test</scope>
    </dependency>
     <!-- 添加SSH依赖 -->  
    <!-- Struts2 -->  
    <dependency>  
        <groupId>org.apache.struts</groupId>  
        <artifactId>struts2-core</artifactId>  
        <version>2.3.1</version>  
    </dependency>  
<!--       struts2-spring-plugin -->
<!--     <dependency>  
        <groupId>org.apache.struts</groupId>  
        <artifactId>struts2-spring-plugin</artifactId>  
        <version>2.3.1</version>  
    </dependency>   -->
      
      
     <!-- 添加Hibernate依赖 -->  
    <dependency>  
        <groupId>org.hibernate</groupId>  
        <artifactId>hibernate-core</artifactId>  
        <version>3.6.5.Final</version>  
    </dependency>  
    <dependency>  
        <groupId>commons-dbcp</groupId>  
        <artifactId>commons-dbcp</artifactId>  
        <version>1.4</version>  
    </dependency>  
      
    <!-- 添加Log4J依赖 -->  
    <dependency>  
        <groupId>log4j</groupId>  
        <artifactId>log4j</artifactId>  
        <version>1.2.16</version>  
    </dependency>  
      
    <dependency>  
      <groupId>org.slf4j</groupId>  
      <artifactId>slf4j-api</artifactId>  
      <version>1.6.1</version>  
    </dependency>  
      
    <dependency>  
        <groupId>org.slf4j</groupId>  
        <artifactId>slf4j-nop</artifactId>  
        <version>1.6.4</version>  
    </dependency>  
      
    <!-- 添加javassist -->  
    <dependency>  
        <groupId>javassist</groupId>  
        <artifactId>javassist</artifactId>  
        <version>3.11.0.GA</version>  
    </dependency>  
      
    <!-- 添加Spring依赖 -->  
    <dependency>  
        <groupId>org.springframework</groupId>  
        <artifactId>spring-core</artifactId>  
        <version>3.1.1.RELEASE</version>  
    </dependency>  
      
    <dependency>  
        <groupId>org.springframework</groupId>  
        <artifactId>spring-beans</artifactId>  
        <version>3.1.1.RELEASE</version>  
    </dependency>  
      
    <dependency>  
        <groupId>org.springframework</groupId>  
        <artifactId>spring-context</artifactId>  
        <version>3.1.1.RELEASE</version>  
    </dependency>  
      
    <dependency>  
        <groupId>org.springframework</groupId>  
        <artifactId>spring-jdbc</artifactId>  
        <version>3.1.1.RELEASE</version>  
    </dependency>  
      
    <dependency>  
        <groupId>org.springframework</groupId>  
        <artifactId>spring-orm</artifactId>  
        <version>3.1.1.RELEASE</version>  
    </dependency>  
      
    <dependency>  
        <groupId>org.springframework</groupId>  
        <artifactId>spring-web</artifactId>  
        <version>3.1.1.RELEASE</version>  
    </dependency>  
      
  </dependencies>
  
 <!--  <build>
    <finalName>jun_ssh2</finalName>
  </build> -->
<!--   jetty:run -Djetty.port=9080 -Dmaven.test.skip=true  -->
  <build>
		<plugins>
			<!-- 配置加入jetty服务器，开发时我们一般使用jetty服务器 -->
			<plugin>
				<groupId>org.mortbay.jetty</groupId>
				<artifactId>jetty-maven-plugin</artifactId>
				<configuration>
					<!-- 设置扫描target/classes内部文件变化时间间隔 -->
					<scanIntervalSeconds>2</scanIntervalSeconds>
					<webApp>
						<contextPath>/limanman</contextPath>
					</webApp>
				</configuration>
			</plugin>
			<!-- compiler插件, 设定JDK版本 -->
			<plugin>
				<groupId>org.apache.maven.plugins</groupId>
				<artifactId>maven-compiler-plugin</artifactId>
				<version>3.0</version>
				<configuration>
					<source>1.6</source>
					<target>1.6</target>
					<showWarnings>true</showWarnings>
				</configuration>
			</plugin>

			<!-- war打包插件, 设定war包名称不带版本号 -->
			<plugin>
				<groupId>org.apache.maven.plugins</groupId>
				<artifactId>maven-war-plugin</artifactId>
				<version>2.3</version>
				<configuration>
					<warName>winssage</warName>
				</configuration>
			</plugin>
			<!-- eclipse插件, 设定wtp版本 -->
			<plugin>
				<groupId>org.apache.maven.plugins</groupId>
				<artifactId>maven-eclipse-plugin</artifactId>
				<version>2.9</version>
				<configuration>
					<downloadSources>true</downloadSources>
					<downloadJavadocs>false</downloadJavadocs>
					<wtpversion>2.0</wtpversion>


				</configuration>
			</plugin>
			<plugin>
				<groupId>org.apache.maven.plugins</groupId>
				<artifactId>maven-dependency-plugin</artifactId>
				<executions>
					<execution>
						<id>install</id>
						<phase>install</phase>
						<goals>
							<goal>sources</goal>
						</goals>
					</execution>
				</executions>
			</plugin>
			<!-- 用于支持跨模块加载配置文件 -->
			<plugin>
				<groupId>org.apache.maven.plugins</groupId>
				<artifactId>maven-resources-plugin</artifactId>
				<version>2.5</version>
				<configuration>
					<encoding>UTF-8</encoding>
					<nonFilteredFileExtensions>
						<nonFilteredFileExtension>dll</nonFilteredFileExtension>
						<nonFilteredFileExtension>so</nonFilteredFileExtension>
					</nonFilteredFileExtensions>
				</configuration>
			</plugin>
		</plugins>
	</build>
</project>
