<project xmlns="http://maven.apache.org/POM/4.0.0" xmlns:xsi="http://www.w3.org/2001/XMLSchema-instance"
xsi:schemaLocation="http://maven.apache.org/POM/4.0.0 http://maven.apache.org/maven-v4_0_0.xsd">
<modelVersion>4.0.0</modelVersion>
<groupId>com.ftest</groupId>
<artifactId>api</artifactId>
<packaging>war</packaging>
<version>0.0.1-SNAPSHOT</version>


<name>fs_api Maven Webapp</name>
<url>http://maven.apache.org</url>


<properties>
<project.build.sourceEncoding>UTF-8</project.build.sourceEncoding>
<spring.version>3.1.1.RELEASE</spring.version>
<hibernate.version>3.5.5-Final</hibernate.version>
<jackson.version>2.5.0</jackson.version>
<jacksonAll.version>1.9.5</jacksonAll.version>
<common.io.version>1.4</common.io.version>
<common.fileupload.version>1.3.1</common.fileupload.version>
</properties>


<dependencies>


<!-- junit -->
<dependency>
<groupId>junit</groupId>
<artifactId>junit</artifactId>
<version>4.12</version>
<scope>test</scope>
</dependency>

<!-- jacksonAll -->
    <dependency>
<groupId>org.codehaus.jackson</groupId>
<artifactId>jackson-all</artifactId>
<version>${jacksonAll.version}</version>
</dependency>


<!-- 文件上传需要的jar包 -->
<dependency>
<groupId>commons-fileupload</groupId>
<artifactId>commons-fileupload</artifactId>
<version>${common.fileupload.version}</version>
</dependency>


<dependency>
<groupId>commons-io</groupId>
<artifactId>commons-io</artifactId>
<version>${common.io.version}</version>
</dependency>

<!-- spring -->
<dependency>
<groupId>org.springframework</groupId>
<artifactId>spring-core</artifactId>
<version>${spring.version}</version>
</dependency>


<dependency>
<groupId>org.springframework</groupId>
<artifactId>spring-beans</artifactId>
<version>${spring.version}</version>
</dependency>


<dependency>
<groupId>org.springframework</groupId>
<artifactId>spring-context</artifactId>
<version>${spring.version}</version>
</dependency>


<dependency>
<groupId>org.springframework</groupId>
<artifactId>spring-tx</artifactId>
<version>${spring.version}</version>
</dependency>


<dependency>
<groupId>org.springframework</groupId>
<artifactId>spring-web</artifactId>
<version>${spring.version}</version>
</dependency>


<dependency>
<groupId>org.springframework</groupId>
<artifactId>spring-test</artifactId>
<version>${spring.version}</version>
<scope>test</scope>
</dependency>




<!-- 使用SpringMVC需配置 -->
<dependency>
<groupId>org.springframework</groupId>
<artifactId>spring-webmvc</artifactId>
<version>${spring.version}</version>
</dependency>

   <!-- 使用springside需配置 -->
<dependency>
 <groupId>org.springside</groupId>
 <artifactId>springside3-core</artifactId>
 <version>3.3.4</version>
</dependency>
<!-- 关系型数据库整合时需配置 如hibernate jpa等 -->
<dependency>
<groupId>org.springframework</groupId>
<artifactId>spring-orm</artifactId>
<version>${spring.version}</version>
</dependency>


<!-- hibernate -->
<dependency>
<groupId>org.hibernate</groupId>
<artifactId>hibernate-core</artifactId>
<version>${hibernate.version}</version>
</dependency>


<dependency>
<groupId>org.hibernate</groupId>
<artifactId>hibernate-ehcache</artifactId>
<version>${hibernate.version}</version>
</dependency>
      <dependency>
<groupId>org.hibernate</groupId>
<artifactId>hibernate-annotations</artifactId>
<version>${hibernate.version}</version>
</dependency>
<!-- 二级缓存ehcache -->
<dependency>
<groupId>net.sf.ehcache</groupId>
<artifactId>ehcache</artifactId>
<version>2.9.0</version>
</dependency>


<!-- log4j -->
<dependency>
<groupId>log4j</groupId>
<artifactId>log4j</artifactId>
<version>1.2.17</version>
</dependency>


<!-- MySQL连接 -->
<dependency>
<groupId>mysql</groupId>
<artifactId>mysql-connector-Java</artifactId>
<version>5.1.34</version>
</dependency>


<!-- c3p0数据源 -->
<dependency>
<groupId>com.mchange</groupId>
<artifactId>c3p0</artifactId>
<version>0.9.5-pre10</version>
</dependency>


<!-- json -->
<dependency>
<groupId>com.alibaba</groupId>
<artifactId>fastjson</artifactId>
<version>1.2.3</version>
</dependency>


<dependency>
<groupId>com.fasterxml.jackson.core</groupId>
<artifactId>jackson-annotations</artifactId>
<version>${jackson.version}</version>
</dependency>


<dependency>
<groupId>com.fasterxml.jackson.core</groupId>
<artifactId>jackson-core</artifactId>
<version>${jackson.version}</version>
</dependency>


<dependency>
<groupId>com.fasterxml.jackson.core</groupId>
<artifactId>jackson-databind</artifactId>
<version>${jackson.version}</version>
</dependency>


<!-- aop -->
<dependency>
<groupId>org.aspectj</groupId>
<artifactId>aspectjweaver</artifactId>
<version>1.8.4</version>
</dependency>

  <!-- commons-lang3 -->
<dependency>
<groupId>org.apache.commons</groupId>
<artifactId>commons-lang3</artifactId>
<version>3.3.2</version>
</dependency>
<!-- commons-beanutils -->
<dependency>
<groupId>commons-beanutils</groupId>
<artifactId>commons-beanutils</artifactId>
<version>1.9.2</version>
</dependency>
<!-- pinyin4j -->
<dependency>
<groupId>com.belerweb</groupId>
<artifactId>pinyin4j</artifactId>
<version>2.5.0</version>
</dependency> 
 
<!-- net.sf.json -->
<dependency>
 <groupId>net.sf.json-lib</groupId>
 <artifactId>json-lib</artifactId>
 <version>2.4</version>
 <classifier>jdk15</classifier>
</dependency>

 <!-- org.slf4j -->
 <dependency>
<groupId>org.slf4j</groupId>
<artifactId>slf4j-api</artifactId>
<version>1.7.12</version>
  </dependency>
    <dependency>
<groupId>org.slf4j</groupId>
<artifactId>slf4j-log4j12</artifactId>
<version>1.7.12</version>
</dependency>

<!-- javassist -->
 <dependency>
<groupId>org.javassist</groupId>
<artifactId>javassist</artifactId>
<version>3.20.0-GA</version>
</dependency>


<!-- cglib -->
<dependency>
<groupId>cglib</groupId>
<artifactId>cglib-nodep</artifactId>
<version>2.2</version>
</dependency>


<!-- freeswitch -->
<dependency>
<groupId>org.freeswitch.esl.client</groupId>
<artifactId>org.freeswitch.esl.client</artifactId>
<version>0.9.2</version>
</dependency>
 
 
     <!-- quartz -->
      <dependency>
 <groupId>org.opensymphony.quartz</groupId>
 <artifactId>quartz-all</artifactId>
 <version>1.6.1</version>
</dependency>




<!-- servlet -->
<dependency>
<groupId>javax.servlet</groupId>
<artifactId>servlet-api</artifactId>
<version>3.0-alpha-1</version>
<scope>provided</scope>
</dependency>



<dependency>
<groupId>javax.servlet</groupId>
<artifactId>jstl</artifactId>
<version>1.2</version>
</dependency>


   <!-- spring jms  -->
     <dependency>
<groupId>org.springframework</groupId>
<artifactId>spring-jms</artifactId>
<version>${spring.version}</version>
</dependency> 
<!-- activemq -->
   <dependency>  
            <groupId>org.apache.activemq</groupId>  
            <artifactId>activemq-core</artifactId>  
            <version>5.7.0</version>  
    </dependency> 
       
        <!-- validator框架 -->
         <dependency>  
   <groupId>org.hibernate</groupId>  
   <artifactId>hibernate-validator</artifactId>  
   <version>5.1.2.Final</version>  
</dependency>  
       
</dependencies>


<build>
<finalName>api</finalName>
 
</build>
</project>